Job Title, Company, Job Details
Real Estate Sales Administrator,Place West,We’re seeking an enthusiastic administrator to support our sales team in vibrant Paddington Qld. Enjoy a competitive salary & flexible working hours.
Real Estate Assistant,Better Real Estate Canberra,Join our team of real estate agents, changing the industry for the better.
Real Estate Sales - Trainee,Coronis Group,Changing lives for the better
Property Management Assistant,Harcourts Mandurah,Harcourts Mandurah, the leading Real Estate Agency in the Peel Region are on the hunt for their next Property Manager Assistant!
Real Estate Career - Multiple roles - Various Locations,Belle Property,Multiple Real Estate roles across several locations around Adelaide, from entry level to more experienced roles. 
Contact us to find out more!
Real Estate Sales Administrator,Place West,We’re seeking an enthusiastic administrator to support our sales team in vibrant Paddington Qld. Enjoy a competitive salary & flexible working hours.
Front of House / Property Services Assistant,Little Real Estate,Conduct inspections, coordinate maintenance, and liaise with tenants and landlords. Kick start your career in real estate!
Receptionist / Sales Administration,Raine & Horne Green Square,Join a top agency, support a high-performing team, gain hands-on experience, and grow your career in a dynamic, supportive, and rewarding environment!
Real Estate Agent,GR8 EST8 Agents,Join the #1 Real Estate Agency in Narre Warren & Cranbourne West – Where Your Success Comes First. Take the next step in your career today!
Trainee Property Specialist,My Property House,Do you have a burning desire to establish a career in the real-estate industry and don't know where to start? We have the opportunity for you!
Real estate administration assistant,Century 21 peninsula,Organized, proactive, and eager to grow? Real estate experience is a bonus! Join a dynamic team with career growth opportunities. Apply now!
Client Services Representative,GJ Fitzpatrick & Co Pty Ltd,A dynamic and rewarding career in real estate is awaiting the right candidate. Join our high performing energetic team and kick start your career!
Sales Support Officer - Commercial Real Estate,Elders Limited,Elders Commercial Real Estate is seeking a customer focused Sales Support Officer to join their Hobart team on a permanent full-time basis.
Real Estate Administration & Receptionist,Low and Co Property,Join our vibrant real estate team as a Reception & Admin Superstar! Bring your energy, organisation, and people skills, and we’ll provide the training
Sales Agent,Lifestyle Group,Lifestyle are seeking an individual looking to kick start their Real Estate career, with a position in our Sales Department.
Housing Officer,National Affordable Housing,Rare opportunity perfect for a REA licenced housing or property manager looking to make a difference!
Property Management Assistant,Parry Property,Kickstart your property management career with hands-on training, career growth, and a great team environment.
Reception & Administration,Castle Property Agents,Castle is seeking experienced Receptionists who excel in delivering 5-star customer service and have a keen eye for detail to join our elite team.
Junior Reception and Assistant Property Manager,Us Real Estate,We are a boutique real estate office in Carrum Downs looking for a motivated and organised Assistant Property Manager & Receptionist to join our team.
Sales Support Position,Nolan Edwards Property Pty Ltd,We are seeking an energetic and driven Sales Associate. An exciting opportunity for both entry-level and experienced sales associates.
